message,department,category
I have an issue with refund requests.,Payments & Billing,Refund Requests
I have an issue with app update issues. Thanks!,Technical Support,App Update Issues
I am facing advance booking support. Thanks!,Ride Booking,Advance Booking Support
Please assist with customer support response time.,Feedback & Complaints,Customer Support Response Time
Please assist with discount not applied. Thanks!,Promotions & Discounts,Discount Not Applied
Please assist with cashback issues. Thanks!,Promotions & Discounts,Cashback Issues
Hello I am facing pickup & drop problems. Thanks!,Service & Operations,Pickup & Drop Problems
Having trouble with refund requests. Thanks!,Payments & Billing,Refund Requests
I am facing service feedback.,Feedback & Complaints,Service Feedback
Having trouble with complaint registration.,Feedback & Complaints,Complaint Registration
Hey I am facing schedule changes. Thanks!,Ride Booking,Schedule Changes
Please assist with ride cancellation.,Ride Booking,Ride Cancellation
Please assist with vehicle availability. Please help.,Vehicle & Driver Support,Vehicle Availability
Please assist with subscription renewal.,Payments & Billing,Subscription Renewal
Hello I am facing cashback issues. Thanks!,Promotions & Discounts,Cashback Issues
Having trouble with cashback issues. Please help.,Promotions & Discounts,Cashback Issues
Please assist with customer support response time.,Feedback & Complaints,Customer Support Response Time
Having trouble with app update issues. Thanks!,Technical Support,App Update Issues
Having trouble with customer support response time. Please help.,Feedback & Complaints,Customer Support Response Time
I have an issue with login problems.,Account Management,Login Problems
I am facing route issues.,Service & Operations,Route Issues
I have an issue with invoice issues.,Payments & Billing,Invoice Issues
I have an issue with app update issues.,Technical Support,App Update Issues
Having trouble with safety concerns.,Feedback & Complaints,Safety Concerns
Hi I am facing invoice issues. Please help.,Payments & Billing,Invoice Issues
Please assist with subscription management. Thanks!,Account Management,Subscription Management
I have an issue with ride cancellation. Urgent.,Ride Booking,Ride Cancellation
Please assist with service feedback. Urgent.,Feedback & Complaints,Service Feedback
I have an issue with pickup & drop problems. Please help.,Service & Operations,Pickup & Drop Problems
Having trouble with payment failures. Please help.,Payments & Billing,Payment Failures
I have an issue with account deactivation. Please help.,Account Management,Account Deactivation
Hi I am facing gps/tracking issues.,Technical Support,GPS/Tracking Issues
Having trouble with app update issues. Please help.,Technical Support,App Update Issues
I have an issue with route issues. Urgent.,Service & Operations,Route Issues
Hello I am facing promo code not working. Thanks!,Promotions & Discounts,Promo Code Not Working
Having trouble with discount not applied. Please help.,Promotions & Discounts,Discount Not Applied
Please assist with gps/tracking issues. Urgent.,Technical Support,GPS/Tracking Issues
Having trouble with promo code not working.,Promotions & Discounts,Promo Code Not Working
Hey I am facing service feedback. Please help.,Feedback & Complaints,Service Feedback
I have an issue with invoice issues.,Payments & Billing,Invoice Issues
Having trouble with ride cancellation. Thanks!,Ride Booking,Ride Cancellation
Please assist with account deactivation.,Account Management,Account Deactivation
Please assist with route issues. Thanks!,Service & Operations,Route Issues
Hello I am facing promo code not working. Please help.,Promotions & Discounts,Promo Code Not Working
Please assist with subscription management. Please help.,Account Management,Subscription Management
Having trouble with notification problems. Please help.,Technical Support,Notification Problems
I have an issue with service delays.,Service & Operations,Service Delays
Hey I am facing vehicle condition. Urgent.,Vehicle & Driver Support,Vehicle Condition
Please assist with account deactivation. Please help.,Account Management,Account Deactivation
I am facing invoice issues.,Payments & Billing,Invoice Issues
I have an issue with charging issues.,Vehicle & Driver Support,Charging Issues
Please assist with vehicle availability. Urgent.,Vehicle & Driver Support,Vehicle Availability
Hey I am facing safety concerns. Urgent.,Feedback & Complaints,Safety Concerns
Hi I am facing schedule changes. Please help.,Ride Booking,Schedule Changes
I have an issue with account creation issues. Urgent.,Account Management,Account Creation Issues
I have an issue with safety concerns. Urgent.,Feedback & Complaints,Safety Concerns
Please assist with service availability. Urgent.,Service & Operations,Service Availability
Please assist with account creation issues. Thanks!,Account Management,Account Creation Issues
Please assist with loyalty points. Please help.,Promotions & Discounts,Loyalty Points
Having trouble with cashback issues.,Promotions & Discounts,Cashback Issues
Please assist with driver behaviour. Urgent.,Vehicle & Driver Support,Driver Behaviour
Having trouble with account creation issues.,Account Management,Account Creation Issues
I am facing vehicle condition. Urgent.,Vehicle & Driver Support,Vehicle Condition
Please assist with account creation issues. Please help.,Account Management,Account Creation Issues
Hi I am facing app update issues. Urgent.,Technical Support,App Update Issues
Hello I am facing pickup & drop problems. Urgent.,Service & Operations,Pickup & Drop Problems
Having trouble with login problems. Please help.,Account Management,Login Problems
Please assist with app update issues. Thanks!,Technical Support,App Update Issues
Hi I am facing invoice issues. Please help.,Payments & Billing,Invoice Issues
I have an issue with refund requests. Urgent.,Payments & Billing,Refund Requests
Please assist with vehicle availability. Thanks!,Vehicle & Driver Support,Vehicle Availability
Hello I am facing booking failures. Please help.,Ride Booking,Booking Failures
Hi I am facing payment failures. Please help.,Payments & Billing,Payment Failures
Having trouble with promo code not working. Please help.,Promotions & Discounts,Promo Code Not Working
Hello I am facing service delays. Thanks!,Service & Operations,Service Delays
Hi I am facing service feedback. Please help.,Feedback & Complaints,Service Feedback
Hey I am facing advance booking support.,Ride Booking,Advance Booking Support
I have an issue with discount not applied. Please help.,Promotions & Discounts,Discount Not Applied
I have an issue with loyalty points.,Promotions & Discounts,Loyalty Points
Hi I am facing complaint registration. Please help.,Feedback & Complaints,Complaint Registration
Having trouble with schedule changes. Please help.,Ride Booking,Schedule Changes
Please assist with charging issues. Urgent.,Vehicle & Driver Support,Charging Issues
Please assist with notification problems.,Technical Support,Notification Problems
Please assist with charging issues. Thanks!,Vehicle & Driver Support,Charging Issues
I have an issue with booking failures.,Ride Booking,Booking Failures
I have an issue with promo code not working. Thanks!,Promotions & Discounts,Promo Code Not Working
Having trouble with loyalty points. Urgent.,Promotions & Discounts,Loyalty Points
Hello I am facing ride cancellation.,Ride Booking,Ride Cancellation
Hello I am facing complaint registration. Please help.,Feedback & Complaints,Complaint Registration
Hey I am facing app update issues.,Technical Support,App Update Issues
Having trouble with vehicle availability.,Vehicle & Driver Support,Vehicle Availability
I have an issue with app crashes. Urgent.,Technical Support,App Crashes
Hi I am facing app crashes. Urgent.,Technical Support,App Crashes
Please assist with subscription renewal.,Payments & Billing,Subscription Renewal
Having trouble with notification problems. Thanks!,Technical Support,Notification Problems
I have an issue with loyalty points.,Promotions & Discounts,Loyalty Points
Hey I am facing booking failures. Urgent.,Ride Booking,Booking Failures
I have an issue with account deactivation. Thanks!,Account Management,Account Deactivation
Having trouble with service feedback.,Feedback & Complaints,Service Feedback
Having trouble with account creation issues.,Account Management,Account Creation Issues
Hey I am facing login problems. Urgent.,Account Management,Login Problems
Having trouble with app crashes. Please help.,Technical Support,App Crashes
Please assist with refund requests. Thanks!,Payments & Billing,Refund Requests
Hey I am facing promo code not working.,Promotions & Discounts,Promo Code Not Working
Having trouble with safety concerns.,Feedback & Complaints,Safety Concerns
Hi I am facing service feedback. Urgent.,Feedback & Complaints,Service Feedback
Please assist with service availability. Please help.,Service & Operations,Service Availability
Having trouble with route issues. Thanks!,Service & Operations,Route Issues
I have an issue with service delays. Please help.,Service & Operations,Service Delays
Please assist with subscription management. Please help.,Account Management,Subscription Management
Having trouble with login problems. Please help.,Account Management,Login Problems
I am facing safety concerns. Thanks!,Feedback & Complaints,Safety Concerns
Hey I am facing subscription management. Urgent.,Account Management,Subscription Management
Having trouble with safety concerns.,Feedback & Complaints,Safety Concerns
Having trouble with login problems. Thanks!,Account Management,Login Problems
Hi I am facing booking failures. Please help.,Ride Booking,Booking Failures
Please assist with ride cancellation. Urgent.,Ride Booking,Ride Cancellation
I have an issue with cashback issues.,Promotions & Discounts,Cashback Issues
Having trouble with app update issues. Please help.,Technical Support,App Update Issues
I have an issue with complaint registration. Please help.,Feedback & Complaints,Complaint Registration
Hey I am facing account creation issues. Thanks!,Account Management,Account Creation Issues
Hello I am facing driver behaviour. Urgent.,Vehicle & Driver Support,Driver Behaviour
Having trouble with vehicle condition. Please help.,Vehicle & Driver Support,Vehicle Condition
Hi I am facing vehicle condition.,Vehicle & Driver Support,Vehicle Condition
Please assist with promo code not working. Please help.,Promotions & Discounts,Promo Code Not Working
Having trouble with charging issues. Please help.,Vehicle & Driver Support,Charging Issues
I have an issue with driver behaviour.,Vehicle & Driver Support,Driver Behaviour
Please assist with customer support response time. Thanks!,Feedback & Complaints,Customer Support Response Time
I have an issue with account creation issues. Please help.,Account Management,Account Creation Issues
I have an issue with refund requests. Urgent.,Payments & Billing,Refund Requests
Having trouble with account creation issues. Thanks!,Account Management,Account Creation Issues
Having trouble with service availability. Urgent.,Service & Operations,Service Availability
Please assist with app crashes. Please help.,Technical Support,App Crashes
Please assist with advance booking support. Thanks!,Ride Booking,Advance Booking Support
I am facing refund requests. Please help.,Payments & Billing,Refund Requests
Hi I am facing invoice issues. Please help.,Payments & Billing,Invoice Issues
Having trouble with invoice issues. Thanks!,Payments & Billing,Invoice Issues
Hello I am facing promo code not working. Urgent.,Promotions & Discounts,Promo Code Not Working
Hey I am facing account creation issues. Urgent.,Account Management,Account Creation Issues
Having trouble with route issues. Thanks!,Service & Operations,Route Issues
I have an issue with service availability. Urgent.,Service & Operations,Service Availability
I have an issue with discount not applied. Thanks!,Promotions & Discounts,Discount Not Applied
Hi I am facing advance booking support. Please help.,Ride Booking,Advance Booking Support
Having trouble with notification problems. Please help.,Technical Support,Notification Problems
Hello I am facing pickup & drop problems.,Service & Operations,Pickup & Drop Problems
I have an issue with charging issues. Please help.,Vehicle & Driver Support,Charging Issues
Please assist with ride cancellation. Please help.,Ride Booking,Ride Cancellation
Having trouble with account deactivation. Please help.,Account Management,Account Deactivation
Hi I am facing loyalty points. Thanks!,Promotions & Discounts,Loyalty Points
Please assist with app crashes.,Technical Support,App Crashes
Having trouble with gps/tracking issues. Thanks!,Technical Support,GPS/Tracking Issues
I have an issue with payment failures. Thanks!,Payments & Billing,Payment Failures
Please assist with booking failures. Thanks!,Ride Booking,Booking Failures
I have an issue with subscription renewal. Thanks!,Payments & Billing,Subscription Renewal
Hello I am facing subscription renewal. Please help.,Payments & Billing,Subscription Renewal
Having trouble with advance booking support. Urgent.,Ride Booking,Advance Booking Support
I am facing driver behaviour.,Vehicle & Driver Support,Driver Behaviour
Please assist with schedule changes. Urgent.,Ride Booking,Schedule Changes
Please assist with gps/tracking issues. Please help.,Technical Support,GPS/Tracking Issues
Please assist with schedule changes. Thanks!,Ride Booking,Schedule Changes
I have an issue with promo code not working.,Promotions & Discounts,Promo Code Not Working
Please assist with cashback issues. Thanks!,Promotions & Discounts,Cashback Issues
Please assist with subscription renewal. Thanks!,Payments & Billing,Subscription Renewal
I have an issue with notification problems. Please help.,Technical Support,Notification Problems
Hey I am facing vehicle condition. Please help.,Vehicle & Driver Support,Vehicle Condition
Hi I am facing ride cancellation.,Ride Booking,Ride Cancellation
Please assist with service availability.,Service & Operations,Service Availability
I have an issue with safety concerns. Thanks!,Feedback & Complaints,Safety Concerns
I have an issue with service availability. Please help.,Service & Operations,Service Availability
I am facing pickup & drop problems. Thanks!,Service & Operations,Pickup & Drop Problems
I have an issue with app crashes. Urgent.,Technical Support,App Crashes
I have an issue with driver behaviour.,Vehicle & Driver Support,Driver Behaviour
Having trouble with subscription renewal. Urgent.,Payments & Billing,Subscription Renewal
Please assist with notification problems. Thanks!,Technical Support,Notification Problems
Hello I am facing schedule changes.,Ride Booking,Schedule Changes
Having trouble with driver behaviour. Urgent.,Vehicle & Driver Support,Driver Behaviour
I am facing cashback issues.,Promotions & Discounts,Cashback Issues
Please assist with account deactivation. Thanks!,Account Management,Account Deactivation
Having trouble with app crashes.,Technical Support,App Crashes
I have an issue with schedule changes. Thanks!,Ride Booking,Schedule Changes
Please assist with invoice issues.,Payments & Billing,Invoice Issues
Having trouble with driver behaviour.,Vehicle & Driver Support,Driver Behaviour
Please assist with refund requests. Thanks!,Payments & Billing,Refund Requests
Having trouble with vehicle availability. Urgent.,Vehicle & Driver Support,Vehicle Availability
I have an issue with app crashes. Thanks!,Technical Support,App Crashes
Please assist with refund requests. Thanks!,Payments & Billing,Refund Requests
I have an issue with vehicle condition.,Vehicle & Driver Support,Vehicle Condition
I have an issue with account creation issues. Thanks!,Account Management,Account Creation Issues
Please assist with notification problems. Please help.,Technical Support,Notification Problems
Having trouble with subscription management. Urgent.,Account Management,Subscription Management
Please assist with vehicle availability. Urgent.,Vehicle & Driver Support,Vehicle Availability
I have an issue with complaint registration. Urgent.,Feedback & Complaints,Complaint Registration
Please assist with charging issues. Please help.,Vehicle & Driver Support,Charging Issues
Having trouble with payment failures.,Payments & Billing,Payment Failures
I have an issue with service delays. Please help.,Service & Operations,Service Delays
Hi I am facing subscription management. Urgent.,Account Management,Subscription Management
Having trouble with service availability. Thanks!,Service & Operations,Service Availability
Having trouble with discount not applied. Urgent.,Promotions & Discounts,Discount Not Applied
Having trouble with charging issues. Urgent.,Vehicle & Driver Support,Charging Issues
Having trouble with driver behaviour. Please help.,Vehicle & Driver Support,Driver Behaviour
I have an issue with subscription management. Please help.,Account Management,Subscription Management
Hello I am facing service availability. Thanks!,Service & Operations,Service Availability
I have an issue with refund requests. Please help.,Payments & Billing,Refund Requests
Please assist with subscription renewal.,Payments & Billing,Subscription Renewal
Having trouble with login problems. Please help.,Account Management,Login Problems
Having trouble with invoice issues. Thanks!,Payments & Billing,Invoice Issues
Please assist with advance booking support. Urgent.,Ride Booking,Advance Booking Support
Please assist with notification problems. Urgent.,Technical Support,Notification Problems
Hey I am facing loyalty points.,Promotions & Discounts,Loyalty Points
Hi I am facing login problems.,Account Management,Login Problems
Please assist with schedule changes.,Ride Booking,Schedule Changes
Having trouble with account deactivation. Please help.,Account Management,Account Deactivation
Hi I am facing service availability. Urgent.,Service & Operations,Service Availability
Please assist with subscription management. Urgent.,Account Management,Subscription Management
Hello I am facing vehicle availability.,Vehicle & Driver Support,Vehicle Availability
I am facing vehicle availability. Thanks!,Vehicle & Driver Support,Vehicle Availability
I am facing cashback issues. Thanks!,Promotions & Discounts,Cashback Issues
I have an issue with customer support response time. Please help.,Feedback & Complaints,Customer Support Response Time
Hello I am facing app crashes. Please help.,Technical Support,App Crashes
Please assist with vehicle availability.,Vehicle & Driver Support,Vehicle Availability
Hey I am facing loyalty points.,Promotions & Discounts,Loyalty Points
Please assist with customer support response time. Please help.,Feedback & Complaints,Customer Support Response Time
Having trouble with booking failures. Urgent.,Ride Booking,Booking Failures
I have an issue with service feedback. Please help.,Feedback & Complaints,Service Feedback
I have an issue with promo code not working. Please help.,Promotions & Discounts,Promo Code Not Working
Please assist with service delays.,Service & Operations,Service Delays
I have an issue with charging issues.,Vehicle & Driver Support,Charging Issues
Please assist with cashback issues. Urgent.,Promotions & Discounts,Cashback Issues
Having trouble with login problems. Urgent.,Account Management,Login Problems
Hello I am facing login problems.,Account Management,Login Problems
I have an issue with complaint registration.,Feedback & Complaints,Complaint Registration
Having trouble with payment failures. Please help.,Payments & Billing,Payment Failures
Please assist with cashback issues. Please help.,Promotions & Discounts,Cashback Issues
Having trouble with advance booking support. Please help.,Ride Booking,Advance Booking Support
Please assist with payment failures. Thanks!,Payments & Billing,Payment Failures
I have an issue with service availability.,Service & Operations,Service Availability
Having trouble with cashback issues. Thanks!,Promotions & Discounts,Cashback Issues
I am facing vehicle condition. Urgent.,Vehicle & Driver Support,Vehicle Condition
I have an issue with charging issues. Thanks!,Vehicle & Driver Support,Charging Issues
Having trouble with invoice issues.,Payments & Billing,Invoice Issues
I have an issue with discount not applied. Urgent.,Promotions & Discounts,Discount Not Applied
Please assist with app update issues. Please help.,Technical Support,App Update Issues
Please assist with vehicle availability. Please help.,Vehicle & Driver Support,Vehicle Availability
I have an issue with schedule changes. Thanks!,Ride Booking,Schedule Changes
Hey I am facing driver behaviour. Urgent.,Vehicle & Driver Support,Driver Behaviour
Having trouble with invoice issues.,Payments & Billing,Invoice Issues
Having trouble with service feedback. Urgent.,Feedback & Complaints,Service Feedback
Please assist with invoice issues. Please help.,Payments & Billing,Invoice Issues
Please assist with complaint registration. Urgent.,Feedback & Complaints,Complaint Registration
Hi I am facing subscription renewal. Please help.,Payments & Billing,Subscription Renewal
I have an issue with app crashes. Thanks!,Technical Support,App Crashes
Having trouble with gps/tracking issues. Urgent.,Technical Support,GPS/Tracking Issues
I have an issue with pickup & drop problems. Thanks!,Service & Operations,Pickup & Drop Problems
Please assist with cashback issues. Urgent.,Promotions & Discounts,Cashback Issues
Hello I am facing schedule changes. Urgent.,Ride Booking,Schedule Changes
I have an issue with driver behaviour. Thanks!,Vehicle & Driver Support,Driver Behaviour
Having trouble with service delays. Please help.,Service & Operations,Service Delays
I have an issue with complaint registration. Please help.,Feedback & Complaints,Complaint Registration
Please assist with complaint registration. Urgent.,Feedback & Complaints,Complaint Registration
Please assist with booking failures. Thanks!,Ride Booking,Booking Failures
Having trouble with invoice issues.,Payments & Billing,Invoice Issues
Having trouble with advance booking support. Please help.,Ride Booking,Advance Booking Support
Having trouble with payment failures. Thanks!,Payments & Billing,Payment Failures
Please assist with discount not applied.,Promotions & Discounts,Discount Not Applied
Please assist with subscription management. Thanks!,Account Management,Subscription Management
Having trouble with payment failures. Please help.,Payments & Billing,Payment Failures
I have an issue with ride cancellation. Urgent.,Ride Booking,Ride Cancellation
I have an issue with cashback issues. Please help.,Promotions & Discounts,Cashback Issues
I have an issue with driver behaviour. Please help.,Vehicle & Driver Support,Driver Behaviour
Hi I am facing pickup & drop problems. Please help.,Service & Operations,Pickup & Drop Problems
Having trouble with booking failures. Thanks!,Ride Booking,Booking Failures
I have an issue with subscription management.,Account Management,Subscription Management
Having trouble with subscription renewal. Thanks!,Payments & Billing,Subscription Renewal
I have an issue with booking failures.,Ride Booking,Booking Failures
I have an issue with account creation issues. Please help.,Account Management,Account Creation Issues
I have an issue with promo code not working. Urgent.,Promotions & Discounts,Promo Code Not Working
Please assist with service feedback. Please help.,Feedback & Complaints,Service Feedback
Please assist with service delays. Thanks!,Service & Operations,Service Delays
Hey I am facing vehicle availability.,Vehicle & Driver Support,Vehicle Availability
Having trouble with service delays.,Service & Operations,Service Delays
Please assist with ride cancellation.,Ride Booking,Ride Cancellation
I have an issue with account deactivation. Urgent.,Account Management,Account Deactivation
Please assist with customer support response time.,Feedback & Complaints,Customer Support Response Time
I have an issue with gps/tracking issues.,Technical Support,GPS/Tracking Issues
Hey I am facing gps/tracking issues. Urgent.,Technical Support,GPS/Tracking Issues
Having trouble with service delays. Urgent.,Service & Operations,Service Delays
Having trouble with service availability.,Service & Operations,Service Availability
Having trouble with service feedback.,Feedback & Complaints,Service Feedback
Please assist with service feedback. Urgent.,Feedback & Complaints,Service Feedback
Please assist with discount not applied. Urgent.,Promotions & Discounts,Discount Not Applied
Having trouble with login problems.,Account Management,Login Problems
Please assist with loyalty points. Urgent.,Promotions & Discounts,Loyalty Points
Please assist with advance booking support. Please help.,Ride Booking,Advance Booking Support
Hi I am facing vehicle condition. Please help.,Vehicle & Driver Support,Vehicle Condition
I am facing vehicle condition. Please help.,Vehicle & Driver Support,Vehicle Condition
Hi I am facing pickup & drop problems. Urgent.,Service & Operations,Pickup & Drop Problems
Please assist with customer support response time. Urgent.,Feedback & Complaints,Customer Support Response Time
Having trouble with loyalty points. Thanks!,Promotions & Discounts,Loyalty Points
I am facing gps/tracking issues. Urgent.,Technical Support,GPS/Tracking Issues
I have an issue with route issues. Thanks!,Service & Operations,Route Issues
I am facing app crashes. Please help.,Technical Support,App Crashes
I have an issue with advance booking support. Urgent.,Ride Booking,Advance Booking Support
Having trouble with subscription management.,Account Management,Subscription Management
Hi I am facing notification problems. Please help.,Technical Support,Notification Problems
Having trouble with safety concerns. Please help.,Feedback & Complaints,Safety Concerns
I have an issue with booking failures. Please help.,Ride Booking,Booking Failures
Having trouble with route issues. Thanks!,Service & Operations,Route Issues
Please assist with service delays. Please help.,Service & Operations,Service Delays
Hey I am facing invoice issues. Thanks!,Payments & Billing,Invoice Issues
I am facing account creation issues. Thanks!,Account Management,Account Creation Issues
Hey I am facing vehicle availability. Please help.,Vehicle & Driver Support,Vehicle Availability
Hey I am facing charging issues. Urgent.,Vehicle & Driver Support,Charging Issues
I have an issue with booking failures. Thanks!,Ride Booking,Booking Failures
I have an issue with service delays.,Service & Operations,Service Delays
Having trouble with app update issues.,Technical Support,App Update Issues
Having trouble with customer support response time. Please help.,Feedback & Complaints,Customer Support Response Time
Hello I am facing advance booking support. Thanks!,Ride Booking,Advance Booking Support
Hey I am facing safety concerns. Please help.,Feedback & Complaints,Safety Concerns
Please assist with subscription management. Urgent.,Account Management,Subscription Management
Please assist with payment failures.,Payments & Billing,Payment Failures
I have an issue with notification problems. Urgent.,Technical Support,Notification Problems
Hi I am facing loyalty points.,Promotions & Discounts,Loyalty Points
I have an issue with app crashes.,Technical Support,App Crashes
Please assist with route issues. Thanks!,Service & Operations,Route Issues
I am facing complaint registration. Urgent.,Feedback & Complaints,Complaint Registration
Having trouble with service availability. Thanks!,Service & Operations,Service Availability
I have an issue with app update issues. Urgent.,Technical Support,App Update Issues
Having trouble with subscription renewal.,Payments & Billing,Subscription Renewal
Having trouble with refund requests. Urgent.,Payments & Billing,Refund Requests
I have an issue with schedule changes. Thanks!,Ride Booking,Schedule Changes
Hi I am facing service feedback. Urgent.,Feedback & Complaints,Service Feedback
Please assist with booking failures.,Ride Booking,Booking Failures
Hello I am facing login problems.,Account Management,Login Problems
Please assist with complaint registration. Thanks!,Feedback & Complaints,Complaint Registration
Please assist with ride cancellation. Please help.,Ride Booking,Ride Cancellation
I have an issue with login problems. Thanks!,Account Management,Login Problems
Having trouble with discount not applied. Please help.,Promotions & Discounts,Discount Not Applied
I am facing account deactivation. Thanks!,Account Management,Account Deactivation
Having trouble with customer support response time. Urgent.,Feedback & Complaints,Customer Support Response Time
Having trouble with app update issues.,Technical Support,App Update Issues
I am facing service delays. Please help.,Service & Operations,Service Delays
Having trouble with login problems.,Account Management,Login Problems
I have an issue with driver behaviour. Urgent.,Vehicle & Driver Support,Driver Behaviour
I have an issue with vehicle condition.,Vehicle & Driver Support,Vehicle Condition
Having trouble with ride cancellation. Thanks!,Ride Booking,Ride Cancellation
I have an issue with discount not applied.,Promotions & Discounts,Discount Not Applied
I am facing driver behaviour. Please help.,Vehicle & Driver Support,Driver Behaviour
I have an issue with safety concerns. Please help.,Feedback & Complaints,Safety Concerns
Hey I am facing promo code not working. Please help.,Promotions & Discounts,Promo Code Not Working
Please assist with customer support response time. Thanks!,Feedback & Complaints,Customer Support Response Time
Having trouble with route issues. Urgent.,Service & Operations,Route Issues
Please assist with gps/tracking issues. Please help.,Technical Support,GPS/Tracking Issues
Hello I am facing app crashes. Please help.,Technical Support,App Crashes
Having trouble with advance booking support.,Ride Booking,Advance Booking Support
Please assist with discount not applied. Thanks!,Promotions & Discounts,Discount Not Applied
I have an issue with login problems. Urgent.,Account Management,Login Problems
Please assist with gps/tracking issues. Please help.,Technical Support,GPS/Tracking Issues
I have an issue with app update issues.,Technical Support,App Update Issues
Please assist with customer support response time. Thanks!,Feedback & Complaints,Customer Support Response Time
Having trouble with customer support response time. Urgent.,Feedback & Complaints,Customer Support Response Time
Please assist with app update issues. Urgent.,Technical Support,App Update Issues
I have an issue with discount not applied. Please help.,Promotions & Discounts,Discount Not Applied
I have an issue with safety concerns. Please help.,Feedback & Complaints,Safety Concerns
Having trouble with charging issues.,Vehicle & Driver Support,Charging Issues
Having trouble with ride cancellation. Urgent.,Ride Booking,Ride Cancellation
I have an issue with pickup & drop problems. Please help.,Service & Operations,Pickup & Drop Problems
I have an issue with loyalty points. Please help.,Promotions & Discounts,Loyalty Points
Having trouble with discount not applied. Please help.,Promotions & Discounts,Discount Not Applied
Hi I am facing route issues.,Service & Operations,Route Issues
Having trouble with subscription management. Thanks!,Account Management,Subscription Management
Hello I am facing vehicle condition. Urgent.,Vehicle & Driver Support,Vehicle Condition
I have an issue with schedule changes. Please help.,Ride Booking,Schedule Changes
I have an issue with service delays. Please help.,Service & Operations,Service Delays
Hello I am facing safety concerns.,Feedback & Complaints,Safety Concerns
Please assist with loyalty points.,Promotions & Discounts,Loyalty Points
I have an issue with account creation issues. Urgent.,Account Management,Account Creation Issues
Hi I am facing route issues. Urgent.,Service & Operations,Route Issues
Having trouble with booking failures. Thanks!,Ride Booking,Booking Failures
Hey I am facing subscription renewal. Urgent.,Payments & Billing,Subscription Renewal
Please assist with refund requests. Thanks!,Payments & Billing,Refund Requests
Having trouble with gps/tracking issues. Thanks!,Technical Support,GPS/Tracking Issues
Please assist with safety concerns. Please help.,Feedback & Complaints,Safety Concerns
Hello I am facing schedule changes. Urgent.,Ride Booking,Schedule Changes
Please assist with vehicle availability. Urgent.,Vehicle & Driver Support,Vehicle Availability
Hi I am facing complaint registration. Urgent.,Feedback & Complaints,Complaint Registration
Having trouble with subscription management. Thanks!,Account Management,Subscription Management
Having trouble with vehicle condition.,Vehicle & Driver Support,Vehicle Condition
Please assist with subscription renewal. Urgent.,Payments & Billing,Subscription Renewal
Having trouble with booking failures. Please help.,Ride Booking,Booking Failures
Please assist with safety concerns.,Feedback & Complaints,Safety Concerns
Having trouble with invoice issues. Thanks!,Payments & Billing,Invoice Issues
Having trouble with complaint registration. Urgent.,Feedback & Complaints,Complaint Registration
Having trouble with vehicle condition. Please help.,Vehicle & Driver Support,Vehicle Condition
Hey I am facing advance booking support.,Ride Booking,Advance Booking Support
Please assist with cashback issues.,Promotions & Discounts,Cashback Issues
Please assist with account deactivation.,Account Management,Account Deactivation
Having trouble with notification problems.,Technical Support,Notification Problems
Hello I am facing account deactivation. Please help.,Account Management,Account Deactivation
I am facing gps/tracking issues.,Technical Support,GPS/Tracking Issues
Having trouble with driver behaviour.,Vehicle & Driver Support,Driver Behaviour
Please assist with charging issues.,Vehicle & Driver Support,Charging Issues
Having trouble with app crashes. Urgent.,Technical Support,App Crashes
Hey I am facing discount not applied.,Promotions & Discounts,Discount Not Applied
Please assist with service delays.,Service & Operations,Service Delays
Having trouble with account creation issues. Please help.,Account Management,Account Creation Issues
I have an issue with service feedback. Thanks!,Feedback & Complaints,Service Feedback
Hello I am facing account deactivation. Please help.,Account Management,Account Deactivation
Please assist with gps/tracking issues. Urgent.,Technical Support,GPS/Tracking Issues
Please assist with driver behaviour. Urgent.,Vehicle & Driver Support,Driver Behaviour
Please assist with pickup & drop problems. Thanks!,Service & Operations,Pickup & Drop Problems
I have an issue with promo code not working. Urgent.,Promotions & Discounts,Promo Code Not Working
Please assist with vehicle availability. Thanks!,Vehicle & Driver Support,Vehicle Availability
Please assist with payment failures. Thanks!,Payments & Billing,Payment Failures
I have an issue with customer support response time. Thanks!,Feedback & Complaints,Customer Support Response Time
Hi I am facing customer support response time. Urgent.,Feedback & Complaints,Customer Support Response Time
Please assist with notification problems. Thanks!,Technical Support,Notification Problems
Please assist with loyalty points. Please help.,Promotions & Discounts,Loyalty Points
I have an issue with subscription renewal. Thanks!,Payments & Billing,Subscription Renewal
Having trouble with vehicle condition. Urgent.,Vehicle & Driver Support,Vehicle Condition
I have an issue with refund requests. Urgent.,Payments & Billing,Refund Requests
Having trouble with notification problems.,Technical Support,Notification Problems
Hello I am facing advance booking support. Please help.,Ride Booking,Advance Booking Support
Having trouble with ride cancellation. Thanks!,Ride Booking,Ride Cancellation
Having trouble with invoice issues. Thanks!,Payments & Billing,Invoice Issues
Please assist with vehicle condition. Please help.,Vehicle & Driver Support,Vehicle Condition
Having trouble with account creation issues.,Account Management,Account Creation Issues
Having trouble with subscription management. Urgent.,Account Management,Subscription Management
Hi I am facing loyalty points.,Promotions & Discounts,Loyalty Points
Please assist with vehicle availability. Urgent.,Vehicle & Driver Support,Vehicle Availability
Please assist with discount not applied. Please help.,Promotions & Discounts,Discount Not Applied
Hello I am facing refund requests. Please help.,Payments & Billing,Refund Requests
Having trouble with payment failures. Thanks!,Payments & Billing,Payment Failures
I am facing route issues. Urgent.,Service & Operations,Route Issues
Having trouble with pickup & drop problems.,Service & Operations,Pickup & Drop Problems
Please assist with subscription management. Please help.,Account Management,Subscription Management
Please assist with driver behaviour. Please help.,Vehicle & Driver Support,Driver Behaviour
Hello I am facing promo code not working. Please help.,Promotions & Discounts,Promo Code Not Working
Having trouble with loyalty points.,Promotions & Discounts,Loyalty Points
I have an issue with cashback issues. Thanks!,Promotions & Discounts,Cashback Issues
Having trouble with charging issues. Thanks!,Vehicle & Driver Support,Charging Issues
Having trouble with payment failures. Urgent.,Payments & Billing,Payment Failures
Hi I am facing safety concerns. Please help.,Feedback & Complaints,Safety Concerns
I have an issue with ride cancellation.,Ride Booking,Ride Cancellation
Having trouble with service feedback. Thanks!,Feedback & Complaints,Service Feedback
Hi I am facing service feedback. Please help.,Feedback & Complaints,Service Feedback
Please assist with promo code not working. Please help.,Promotions & Discounts,Promo Code Not Working
I have an issue with service delays. Thanks!,Service & Operations,Service Delays
Hi I am facing refund requests. Thanks!,Payments & Billing,Refund Requests
I am facing payment failures. Thanks!,Payments & Billing,Payment Failures
Hello I am facing route issues.,Service & Operations,Route Issues
Having trouble with notification problems. Please help.,Technical Support,Notification Problems
I have an issue with ride cancellation.,Ride Booking,Ride Cancellation
I have an issue with service feedback.,Feedback & Complaints,Service Feedback
Please assist with booking failures. Thanks!,Ride Booking,Booking Failures
I have an issue with account deactivation. Please help.,Account Management,Account Deactivation
Having trouble with pickup & drop problems.,Service & Operations,Pickup & Drop Problems
Please assist with refund requests.,Payments & Billing,Refund Requests
Having trouble with cashback issues. Urgent.,Promotions & Discounts,Cashback Issues
Having trouble with app update issues. Please help.,Technical Support,App Update Issues
Having trouble with pickup & drop problems.,Service & Operations,Pickup & Drop Problems
Hello I am facing promo code not working. Thanks!,Promotions & Discounts,Promo Code Not Working
Having trouble with charging issues. Please help.,Vehicle & Driver Support,Charging Issues
I have an issue with advance booking support. Please help.,Ride Booking,Advance Booking Support
Please assist with subscription renewal. Thanks!,Payments & Billing,Subscription Renewal
Please assist with service availability. Urgent.,Service & Operations,Service Availability
Hello I am facing gps/tracking issues.,Technical Support,GPS/Tracking Issues
Having trouble with subscription renewal.,Payments & Billing,Subscription Renewal
I have an issue with app crashes. Please help.,Technical Support,App Crashes
Hello I am facing route issues.,Service & Operations,Route Issues
I am facing discount not applied.,Promotions & Discounts,Discount Not Applied
Having trouble with ride cancellation.,Ride Booking,Ride Cancellation
Having trouble with pickup & drop problems. Urgent.,Service & Operations,Pickup & Drop Problems
Having trouble with customer support response time.,Feedback & Complaints,Customer Support Response Time
I am facing vehicle condition. Please help.,Vehicle & Driver Support,Vehicle Condition
Having trouble with charging issues.,Vehicle & Driver Support,Charging Issues
Hi I am facing route issues. Please help.,Service & Operations,Route Issues
Having trouble with subscription renewal. Please help.,Payments & Billing,Subscription Renewal
Please assist with schedule changes. Please help.,Ride Booking,Schedule Changes
Having trouble with login problems.,Account Management,Login Problems
I have an issue with account deactivation. Urgent.,Account Management,Account Deactivation
I have an issue with service availability.,Service & Operations,Service Availability
Hello I am facing payment failures.,Payments & Billing,Payment Failures
Please assist with app update issues. Please help.,Technical Support,App Update Issues
Please assist with notification problems. Thanks!,Technical Support,Notification Problems
I am facing payment failures.,Payments & Billing,Payment Failures
Please assist with vehicle availability.,Vehicle & Driver Support,Vehicle Availability
Having trouble with payment failures. Please help.,Payments & Billing,Payment Failures
Please assist with complaint registration. Please help.,Feedback & Complaints,Complaint Registration
I have an issue with service delays. Thanks!,Service & Operations,Service Delays
Please assist with advance booking support. Urgent.,Ride Booking,Advance Booking Support
I have an issue with pickup & drop problems. Please help.,Service & Operations,Pickup & Drop Problems
I am facing gps/tracking issues. Please help.,Technical Support,GPS/Tracking Issues
I have an issue with service availability.,Service & Operations,Service Availability
I have an issue with schedule changes. Thanks!,Ride Booking,Schedule Changes
Hey I am facing route issues. Urgent.,Service & Operations,Route Issues
Hello I am facing booking failures. Urgent.,Ride Booking,Booking Failures
I am facing notification problems. Urgent.,Technical Support,Notification Problems
Please assist with gps/tracking issues. Please help.,Technical Support,GPS/Tracking Issues
Having trouble with charging issues. Thanks!,Vehicle & Driver Support,Charging Issues
Hi I am facing login problems. Thanks!,Account Management,Login Problems
Hello I am facing account deactivation. Thanks!,Account Management,Account Deactivation
Having trouble with complaint registration. Thanks!,Feedback & Complaints,Complaint Registration
Please assist with schedule changes.,Ride Booking,Schedule Changes
Please assist with account creation issues. Please help.,Account Management,Account Creation Issues
I have an issue with complaint registration. Urgent.,Feedback & Complaints,Complaint Registration
Hello I am facing pickup & drop problems. Please help.,Service & Operations,Pickup & Drop Problems
Having trouble with app crashes. Thanks!,Technical Support,App Crashes
Hello I am facing loyalty points. Thanks!,Promotions & Discounts,Loyalty Points
Please assist with account deactivation.,Account Management,Account Deactivation
Having trouble with service availability. Urgent.,Service & Operations,Service Availability
Please assist with refund requests.,Payments & Billing,Refund Requests
I am facing safety concerns. Urgent.,Feedback & Complaints,Safety Concerns
